game,character,file
Zenless Zone Zero,Zhu Yuan,zhu-yuan_card.webp
Zenless Zone Zero,Zhao,zhao_card.webp
Zenless Zone Zero,Ukinami Yuzuha,ukinami-yuzuha_card.webp
Zenless Zone Zero,Yixuan,yixuan_card.webp
Zenless Zone Zero,Yidhari,yidhari_card.webp
Zenless Zone Zero,Ye Shunguang,ye-shunguang_card.webp
Zenless Zone Zero,Tsukishiro Yanagi,yanagi_card.webp
Zenless Zone Zero,Vivian,vivian_card.webp
Zenless Zone Zero,Velina Airgid,velina_card.webp
Zenless Zone Zero,Trigger,trigger_card.webp
Zenless Zone Zero,Sunna,sunna_card.webp
Zenless Zone Zero,Soukaku,soukaku_card.webp
Zenless Zone Zero,Soldier 11,soldier-11_card.webp
Zenless Zone Zero,Sigrid de L’Azur,sigrid_card.webp
Zenless Zone Zero,Seth Lowell,seth_card.webp
Zenless Zone Zero,Seed,seed_card.webp
Zenless Zone Zero,Roxy Ifrita Pryce,roxy_card.webp
Zenless Zone Zero,Alexandrina Sebastiane,rina_card.webp
Zenless Zone Zero,Remielle Dan,remielle_card.webp
Zenless Zone Zero,Qingyi,qingyi_card.webp
Zenless Zone Zero,Pyrois,pyrois_card.webp
Zenless Zone Zero,Pulchra Fellini,pulchra_card.webp
Zenless Zone Zero,Promeia,promeia_card.webp
Zenless Zone Zero,Piper Wheel,piper_card.webp
Zenless Zone Zero,Pan Yinhu,pan-yinhu_card.webp
Zenless Zone Zero,Orphie & Magus,orphie-and-magus_card.webp
Zenless Zone Zero,Norma Hollowell,norma_card.webp
Zenless Zone Zero,Nicole Demara,nicole-demara_card.webp
Zenless Zone Zero,Nekomiya Mana,nekomata_card.webp
Zenless Zone Zero,Nangong Yu,nangong-yu_card.webp
Zenless Zone Zero,Tsukishiro Miyabi,miyabi_card.webp
Zenless Zone Zero,Komano Manato,manato_card.webp
Zenless Zone Zero,Von Lycaon,lycaon_card.webp
Zenless Zone Zero,Lucy,lucy_card.webp
Zenless Zone Zero,Lucia,lucia_card.webp
Zenless Zone Zero,Lighter,lighter_card.webp
Zenless Zone Zero,Koleda Belobog,koleda_card.webp
Zenless Zone Zero,Ju Fufu,ju-fufu_card.webp
Zenless Zone Zero,Jane Doe,jane-doe_card.webp
Zenless Zone Zero,Hugo Vlad,hugo_card.webp
Zenless Zone Zero,Asaba Harumasa,harumasa_card.webp
Zenless Zone Zero,Grace Howard,grace-howard_card.webp
Zenless Zone Zero,Evelyn Chevalier,evelyn_card.webp
Zenless Zone Zero,Ellen Joe,ellen_card.webp
Zenless Zone Zero,Dialyn,dialyn_card.webp
Zenless Zone Zero,Corin Wickes,corin_card.webp
Zenless Zone Zero,Claret Flint,claret_card.webp
Zenless Zone Zero,Cissia,cissia_card.webp
Zenless Zone Zero,Caesar King,caesar_card.webp
Zenless Zone Zero,Burnice White,burnice_card.webp
Zenless Zone Zero,Starlight - Billy,billy-starlight_card.webp
Zenless Zone Zero,Billy Kid,billy-kid_card.webp
Zenless Zone Zero,Ben Bigger,ben_card.webp
Zenless Zone Zero,Banyue,banyue_card.webp
Zenless Zone Zero,Astra Yao,astra-yao_card.webp
Zenless Zone Zero,Aria,aria_card.webp
Zenless Zone Zero,Anton Ivanov,anton_card.webp
Zenless Zone Zero,Soldier 0 - Anby,anby-demara-soldier-0_card.webp
Zenless Zone Zero,Anby Demara,anby-demara_card.webp
Zenless Zone Zero,Alice Thymefield,alice_card.webp
Wuthering Waves,Sigrika,44_card.webp
Wuthering Waves,Luuk Herssen,45_card.webp
Wuthering Waves,Mornye,46_card.webp
Wuthering Waves,Roccia,47_card.webp
Wuthering Waves,Lynae,48_card.webp
Wuthering Waves,Aalto,aalto_card.webp
Wuthering Waves,Augusta,aug_card.webp
Wuthering Waves,Baizhi,baizhi_card.webp
Wuthering Waves,Buling,buling_card.webp
Wuthering Waves,Brant,card_brant.webp
Wuthering Waves,Camellya,card_cam.webp
Wuthering Waves,Cantarella,card_canta.webp
Wuthering Waves,Carlotta,card_carlotta.webp
Wuthering Waves,Changli,card_changli.webp
Wuthering Waves,Shorekeeper,card_keeper.webp
Wuthering Waves,Lumi,card_lumi.webp
Wuthering Waves,Phoebe,card_phoebe.webp
Wuthering Waves,Roccia,card_roccia.webp
Wuthering Waves,Xiangli Yao,card_xiang.webp
Wuthering Waves,Youhu,card_youhu.webp
Wuthering Waves,Zani,card_zani.webp
Wuthering Waves,Zhezhi,card_zhe.webp
Wuthering Waves,Cartethyia,cart_card.webp
Wuthering Waves,Chisa,chisa_card.webp
Wuthering Waves,Chixia,chixia_card.webp
Wuthering Waves,Ciaccona,cia_card.webp
Wuthering Waves,Danjin,danjin_card.webp
Wuthering Waves,Denia,denia_card.webp
Wuthering Waves,Encore,encore_card.webp
Wuthering Waves,Galbrena,gal_card.webp
Wuthering Waves,Hiyuki,hiyuki_card.webp
Wuthering Waves,Hsin,hsin_card.webp
Wuthering Waves,Iuno,iuno_card.webp
Wuthering Waves,Jianxin,jiaxin_card.webp
Wuthering Waves,Jinhsi,jihni_card.webp
Wuthering Waves,Jingran,jingran_card.webp
Wuthering Waves,Jiyan,jiyan_card.webp
Wuthering Waves,Luuk Herssen,kakarot_card.webp
Wuthering Waves,Lingyang,ling_card.webp
Wuthering Waves,Lupa,lupa_card.webp
Wuthering Waves,Lucy,lucy_card (1).webp
Wuthering Waves,Aemeath,math_card.webp
Wuthering Waves,Mortefi,mortefi_card.webp
Wuthering Waves,Phrolova,phr_card.webp
Wuthering Waves,Qiuyuan,qiu_card.webp
Wuthering Waves,Qingxiao,qingxiao_card.webp
Wuthering Waves,Rebecca,rebecca_card (1).webp
Wuthering Waves,Sanhua,senhua_card.webp
Wuthering Waves,Suisui,suisui_card.webp
Wuthering Waves,Suoming,suoming_card.webp
Wuthering Waves,Taoqi,taoqi_card.webp
Wuthering Waves,Verina,verina_card.webp
Wuthering Waves,Yangyang,yang_card.webp
Wuthering Waves,Yangyang: Xuanling,yangyang-xuanling_card.webp
Wuthering Waves,Yinlin,yinglin_card.webp
Wuthering Waves,Yuanwu,yuanwu_card.webp