ID,Имя персонажа,Стихия,Редкость
3.1,Acheron,,5★
3.2,Aglaea,,5★
3.3,Anaxa,,5★
3.4,Archer,,5★
3.5,Argenti,,5★
3.6,Arlan,,4★
3.7,Ashveil,,5★
3.8,Asta,,4★
3.9,Aventurine,,5★
3.10,Waveflair,,5★
3.11,Bailu,,5★
3.12,Black,,5★
3.13,Swan,,5★
3.14,Blade,,5★
3.15,Boothill,,5★
3.16,Bronya,,5★
3.17,Castorice,,5★
3.18,Cerydra,,5★
3.19,Cipher,,5★
3.20,Clara,,5★
3.21,Cyrene,,5★
3.22,Dan Heng,,4★
3.23,Dan Heng • Imbibitor Lunae,,5★
3.24,Dan Heng • Permansor Terrae,,5★
3.25,Dr Ratio,,5★
3.26,Evanescia,,5★
3.27,Feixiao,,5★
3.28,Firefly,,5★
3.29,Fu Xuan,,5★
3.30,Gallagher,,4★
3.31,Gepard,,5★
3.32,Gilgamesh,,5★
3.33,Guinaifen,,4★
3.34,Hanya,,4★
3.35,Herta,,4★
3.36,Himeko,,5★
3.37,Himeko Nova,,5★
3.38,Hook,,4★
3.39,Huohuo,,5★
3.40,Hyacine,,5★
3.41,Hysilens,,5★
3.42,Jade,,5★
3.43,Jiaoqiu,,5★
3.44,Jing Yuan,,5★
3.45,Jingliu,,5★
3.46,Kafka,,5★
3.47,Lingsha,,5★
3.48,Luka,,4★
3.49,Luocha,,5★
3.50,Lynx,,4★
3.51,March 7th,,5★
3.52,March 7th • Evernight,,5★
3.53,March 7th • The Hunt,,5★
3.54,Misha,,4★
3.55,Mortenax Blade,,5★
3.56,Moze,,4★
3.57,Mydei,,5★
3.58,Natasha,,4★
3.59,Pela,,4★
3.60,Phainon,,5★
3.61,Qingque,,4★
3.62,Rappa,,5★
3.63,Rin Tohsaka,,5★
3.64,Robin,,5★
3.65,Robin • Summeretto,,5★
3.66,Ruan Mei,,5★
3.67,Saber,,5★
3.68,Sampo,,4★
3.69,Seele,,5★
3.70,Serval,,4★
3.71,Silver Wolf,,5★
3.72,Silver Wolf • Lv. 999,,5★
3.73,Sparkle,,5★
3.74,Sparxie,,5★
3.75,Sunday,,5★
3.76,Sushang,,4★
3.77,The Dahlia,,5★
3.78,The Herta,,5★
3.79,Tingyun,,4★
3.80,Tingyun • Fugue,,5★
3.81,Topaz & Numby,,5★
3.82,Tribbie,,5★
3.83,Welt,,5★
3.84,Xueyi,,4★
3.85,Yanqing,,5★
3.86,Yao Guang,,5★
3.87,Yukong,,4★
3.88,Yunli,,5★
